experiment,problem,approach,size,instance_id,n_runs,expected_runs,technical_success_rate,conditional_feasibility_rate,overall_feasible_rate,optimal_solution_rate,consistency_rate,n_distinct_feasible_values,instance_gap_count,instance_gap_mean_pct,instance_gap_median_pct,instance_gap_std_pct,instance_gap_min_pct,instance_gap_max_pct,instance_gap_q25_pct,instance_gap_q75_pct,instance_gap_iqr_pct,instance_runtime_count,instance_runtime_mean_seconds,instance_runtime_median_seconds,instance_runtime_std_seconds,instance_runtime_min_seconds,instance_runtime_max_seconds,instance_debug_iterations_mean,instance_debug_iterations_median
codex,SICLSP,Codex,5,siclsp_T5_inst0,1,1,1.0,1.0,1.0,1.0,1.0,1,1,0.0,0.0,0.0,0.0,0.0,0.0,0.0,0.0,0,,,,,,0.0,0.0
codex,SICLSP,Codex,10,siclsp_T10_inst0,1,1,1.0,1.0,1.0,1.0,1.0,1,1,0.0,0.0,0.0,0.0,0.0,0.0,0.0,0.0,0,,,,,,0.0,0.0
codex,SICLSP,Codex,15,siclsp_T15_inst0,1,1,1.0,1.0,1.0,1.0,1.0,1,1,0.0,0.0,0.0,0.0,0.0,0.0,0.0,0.0,0,,,,,,0.0,0.0
codex,SICLSP,Codex,20,siclsp_T20_inst0,1,1,1.0,1.0,1.0,1.0,1.0,1,1,0.0,0.0,0.0,0.0,0.0,0.0,0.0,0.0,0,,,,,,0.0,0.0
codex,SICLSP,Codex,25,siclsp_T25_inst0,1,1,1.0,1.0,1.0,1.0,1.0,1,1,0.0,0.0,0.0,0.0,0.0,0.0,0.0,0.0,0,,,,,,0.0,0.0
codex,SMTWTP,Codex,5,smtwtp_n5_inst0,1,1,1.0,1.0,1.0,1.0,1.0,1,1,0.0,0.0,0.0,0.0,0.0,0.0,0.0,0.0,0,,,,,,0.0,0.0
codex,SMTWTP,Codex,10,smtwtp_n10_inst0,1,1,1.0,1.0,1.0,1.0,1.0,1,1,0.0,0.0,0.0,0.0,0.0,0.0,0.0,0.0,0,,,,,,0.0,0.0
codex,SMTWTP,Codex,15,smtwtp_n15_inst0,1,1,1.0,1.0,1.0,1.0,1.0,1,1,0.0,0.0,0.0,0.0,0.0,0.0,0.0,0.0,0,,,,,,0.0,0.0
codex,SMTWTP,Codex,20,smtwtp_n20_inst0,1,1,1.0,1.0,1.0,1.0,1.0,1,1,0.0,0.0,0.0,0.0,0.0,0.0,0.0,0.0,0,,,,,,0.0,0.0
codex,SMTWTP,Codex,25,smtwtp_n25_inst0,1,1,1.0,1.0,1.0,1.0,1.0,1,1,0.0,0.0,0.0,0.0,0.0,0.0,0.0,0.0,0,,,,,,0.0,0.0
cot,SICLSP,CoT,5,siclsp_T5_inst0,10,10,1.0,0.2,0.2,0.1,0.1,10,2,25.370121130551816,25.370121130551816,35.87876938187462,0.0,50.74024226110363,12.685060565275908,38.05518169582773,25.37012113055182,0,,,,,,,
cot,SICLSP,CoT,5,siclsp_T5_inst1,10,10,1.0,0.1,0.1,0.0,0.1,10,1,14.085365853658535,14.085365853658535,0.0,14.085365853658535,14.085365853658535,14.085365853658535,14.085365853658535,0.0,0,,,,,,,
cot,SICLSP,CoT,5,siclsp_T5_inst2,10,10,1.0,0.2,0.2,0.0,0.1,10,2,11.128650355169691,11.128650355169691,1.5626669197492762,10.023677979479084,12.233622730860299,10.576164167324388,11.681136543014995,1.1049723756906076,0,,,,,,,
cot,SICLSP,CoT,5,siclsp_T5_inst3,10,10,1.0,1.0,1.0,0.0,1.0,1,10,10.371702637889687,10.371702637889687,0.0,10.371702637889687,10.371702637889687,10.371702637889687,10.371702637889687,0.0,0,,,,,,,
cot,SICLSP,CoT,5,siclsp_T5_inst4,10,10,1.0,1.0,1.0,0.0,1.0,1,10,21.804511278195488,21.804511278195488,0.0,21.804511278195488,21.804511278195488,21.804511278195488,21.804511278195488,0.0,0,,,,,,,
cot,SICLSP,CoT,10,siclsp_T10_inst0,10,10,1.0,0.0,0.0,0.0,0.1,10,0,,,,,,,,,0,,,,,,,
cot,SICLSP,CoT,10,siclsp_T10_inst1,10,10,0.6,0.0,0.0,0.0,0.16666666666666666,6,0,,,,,,,,,0,,,,,,,
cot,SICLSP,CoT,10,siclsp_T10_inst2,10,10,0.9,0.2222222222222222,0.2,0.0,0.2222222222222222,8,2,21.252446183953033,21.252446183953033,0.0,21.252446183953033,21.252446183953033,21.252446183953033,21.252446183953033,0.0,0,,,,,,,
cot,SICLSP,CoT,10,siclsp_T10_inst3,10,10,0.9,0.0,0.0,0.0,0.1111111111111111,9,0,,,,,,,,,0,,,,,,,
cot,SICLSP,CoT,10,siclsp_T10_inst4,10,10,1.0,0.0,0.0,0.0,0.1,10,0,,,,,,,,,0,,,,,,,
cot,SICLSP,CoT,15,siclsp_T15_inst0,10,10,0.8,0.0,0.0,0.0,0.125,8,0,,,,,,,,,0,,,,,,,
cot,SICLSP,CoT,15,siclsp_T15_inst1,10,10,1.0,0.0,0.0,0.0,0.1,10,0,,,,,,,,,0,,,,,,,
cot,SICLSP,CoT,15,siclsp_T15_inst2,10,10,0.6,0.0,0.0,0.0,0.16666666666666666,6,0,,,,,,,,,0,,,,,,,
cot,SICLSP,CoT,15,siclsp_T15_inst3,10,10,1.0,0.0,0.0,0.0,0.1,10,0,,,,,,,,,0,,,,,,,
cot,SICLSP,CoT,15,siclsp_T15_inst4,10,10,0.5,0.0,0.0,0.0,0.2,5,0,,,,,,,,,0,,,,,,,
cot,SICLSP,CoT,20,siclsp_T20_inst0,10,10,0.6,0.0,0.0,0.0,0.16666666666666666,6,0,,,,,,,,,0,,,,,,,
cot,SICLSP,CoT,20,siclsp_T20_inst1,10,10,1.0,0.1,0.1,0.0,0.1,10,1,55.39996499212323,55.39996499212323,0.0,55.39996499212323,55.39996499212323,55.39996499212323,55.39996499212323,0.0,0,,,,,,,
cot,SICLSP,CoT,20,siclsp_T20_inst2,10,10,1.0,0.2,0.2,0.0,0.1,10,2,29.454722492697176,29.454722492697176,1.8314547594510393,28.15968841285297,30.749756572541383,28.807205452775072,30.10223953261928,1.295034079844207,0,,,,,,,
cot,SICLSP,CoT,20,siclsp_T20_inst3,10,10,1.0,0.0,0.0,0.0,0.1,10,0,,,,,,,,,0,,,,,,,
cot,SICLSP,CoT,20,siclsp_T20_inst4,10,10,1.0,0.0,0.0,0.0,0.1,10,0,,,,,,,,,0,,,,,,,
cot,SICLSP,CoT,25,siclsp_T25_inst0,10,10,1.0,0.3,0.3,0.0,0.2,9,3,71.55117453778628,71.45799617478299,0.1613896588877856,71.45799617478299,71.73753126379285,71.45799617478299,71.59776371928791,0.13976754450492024,0,,,,,,,
cot,SICLSP,CoT,25,siclsp_T25_inst1,10,10,1.0,0.0,0.0,0.0,0.1,10,0,,,,,,,,,0,,,,,,,
cot,SICLSP,CoT,25,siclsp_T25_inst2,10,10,1.0,0.0,0.0,0.0,0.1,10,0,,,,,,,,,0,,,,,,,
cot,SICLSP,CoT,25,siclsp_T25_inst3,10,10,1.0,0.0,0.0,0.0,0.1,10,0,,,,,,,,,0,,,,,,,
cot,SICLSP,CoT,25,siclsp_T25_inst4,10,10,1.0,0.4,0.4,0.0,0.2,8,4,65.78648495173198,65.78648495173198,28.785550048182365,40.85746734809767,90.71550255536627,40.85746734809767,90.71550255536627,49.8580352072686,0,,,,,,,
cot,SMTWTP,CoT,5,smtwtp_n5_inst0,10,10,1.0,1.0,1.0,0.0,0.9,2,10,44.603174603174594,48.57142857142857,12.548720873684045,8.88888888888889,48.57142857142857,48.57142857142857,48.57142857142857,0.0,0,,,,,,,
cot,SMTWTP,CoT,5,smtwtp_n5_inst1,10,10,1.0,1.0,1.0,0.0,1.0,1,10,15.963511972633977,15.96351197263398,1.8724445165742407e-15,15.96351197263398,15.96351197263398,15.96351197263398,15.96351197263398,0.0,0,,,,,,,
cot,SMTWTP,CoT,5,smtwtp_n5_inst2,10,10,1.0,1.0,1.0,0.9,0.9,2,10,0.17509727626459143,0.0,0.5537062050878485,0.0,1.7509727626459144,0.0,0.0,0.0,0,,,,,,,
cot,SMTWTP,CoT,5,smtwtp_n5_inst3,10,10,1.0,1.0,1.0,0.0,1.0,1,10,80.21978021978022,80.21978021978022,0.0,80.21978021978022,80.21978021978022,80.21978021978022,80.21978021978022,0.0,0,,,,,,,
cot,SMTWTP,CoT,5,smtwtp_n5_inst4,10,10,1.0,1.0,1.0,1.0,1.0,1,10,0.0,0.0,0.0,0.0,0.0,0.0,0.0,0.0,0,,,,,,,
cot,SMTWTP,CoT,10,smtwtp_n10_inst0,10,10,1.0,1.0,1.0,0.0,0.7,4,10,59.63730569948187,54.36960276338515,21.74562528320518,46.63212435233161,120.96718480138169,54.36960276338515,54.36960276338515,0.0,0,,,,,,,
cot,SMTWTP,CoT,10,smtwtp_n10_inst1,10,10,1.0,1.0,1.0,0.0,0.3,8,10,33.22921249450066,35.19577650681918,8.079393511927515,16.542014958205016,45.75450945886493,29.41047074351078,36.61460624725033,7.2041355037395505,0,,,,,,,
cot,SMTWTP,CoT,10,smtwtp_n10_inst2,10,10,1.0,1.0,1.0,0.0,0.6,3,10,81.9106699751861,128.53598014888337,60.942291523579236,3.722084367245657,128.53598014888337,11.972704714640198,128.53598014888337,116.56327543424317,0,,,,,,,
cot,SMTWTP,CoT,10,smtwtp_n10_inst3,10,10,1.0,1.0,1.0,0.0,0.9,2,10,97.17289719626169,95.56074766355141,5.098064452140613,95.56074766355141,111.68224299065422,95.56074766355141,95.56074766355141,0.0,0,,,,,,,
cot,SMTWTP,CoT,10,smtwtp_n10_inst4,10,10,1.0,1.0,1.0,0.0,0.6,4,10,33.28686327077748,40.48257372654155,12.122806742993744,12.225201072386058,40.64343163538874,28.780160857908847,40.48257372654155,11.702412868632706,0,,,,,,,
cot,SMTWTP,CoT,15,smtwtp_n15_inst0,10,10,1.0,1.0,1.0,0.0,0.3,7,10,199.03343465045594,225.98784194528878,57.85964920625588,78.48024316109422,250.0303951367781,158.54103343465044,244.7720364741641,86.23100303951367,0,,,,,,,
cot,SMTWTP,CoT,15,smtwtp_n15_inst1,10,10,1.0,1.0,1.0,0.0,0.4,6,10,97.84074074074074,104.0,21.516581583423573,57.18518518518518,134.1851851851852,90.05555555555556,106.41666666666666,16.3611111111111,0,,,,,,,
cot,SMTWTP,CoT,15,smtwtp_n15_inst2,10,10,1.0,1.0,1.0,0.0,0.8,3,10,96.0814571211738,101.64432076903618,26.818859410990658,22.66632937009866,124.99367568934987,101.64432076903618,101.64432076903618,0.0,0,,,,,,,
cot,SMTWTP,CoT,15,smtwtp_n15_inst3,10,10,1.0,1.0,1.0,0.0,0.3,7,10,138.56518282988873,118.28298887122418,89.46178479137672,55.4054054054054,259.14149443561206,55.9220985691574,219.31637519872814,163.39427662957075,0,,,,,,,
cot,SMTWTP,CoT,15,smtwtp_n15_inst4,10,10,1.0,1.0,1.0,0.0,0.2,8,10,84.8678861788618,81.57520325203251,11.97778424197367,67.58130081300813,100.34552845528455,76.63617886178862,97.0071138211382,20.370934959349583,0,,,,,,,
cot,SMTWTP,CoT,20,smtwtp_n20_inst0,10,10,1.0,1.0,1.0,0.0,0.3,7,10,93.15138592750533,81.19402985074626,52.98273912225708,58.57142857142858,240.8315565031983,68.20362473347548,87.01492537313433,18.811300639658853,0,,,,,,,
cot,SMTWTP,CoT,20,smtwtp_n20_inst1,10,10,1.0,1.0,1.0,0.0,0.1,10,10,77.38899005462952,66.47989914553858,51.028916522254676,27.945090348788348,147.8078162207592,31.31390951113601,119.50903487883457,88.19512536769855,0,,,,,,,
cot,SMTWTP,CoT,20,smtwtp_n20_inst2,10,10,1.0,1.0,1.0,0.0,0.3,7,10,70.22325891369543,63.59546817727424,13.942416911940885,63.11229590136621,99.26691102965678,63.495501499500165,64.17860713095635,0.6831056314561863,0,,,,,,,
cot,SMTWTP,CoT,20,smtwtp_n20_inst3,10,10,0.9,1.0,0.9,0.0,0.5555555555555556,4,9,69.51601632064201,72.10387502536011,9.15633206992825,45.40474741326841,74.78190302292555,72.10387502536011,72.10387502536011,0.0,0,,,,,,,
cot,SMTWTP,CoT,20,smtwtp_n20_inst4,10,10,1.0,1.0,1.0,0.0,0.3,7,10,127.12917594654786,153.04008908685967,55.377352537103526,37.906458797327396,177.95100222717147,72.8118040089087,175.38975501113583,102.57795100222714,0,,,,,,,
cot,SMTWTP,CoT,25,smtwtp_n25_inst0,10,10,1.0,1.0,1.0,0.0,0.3,8,10,163.74763948497852,181.13304721030045,70.2261486654479,72.53218884120172,317.6824034334764,114.99570815450645,181.20171673819743,66.20600858369099,0,,,,,,,
cot,SMTWTP,CoT,25,smtwtp_n25_inst1,10,10,1.0,1.0,1.0,0.0,0.2,8,10,69.06162855549358,68.83714445064139,4.6349725697740505,58.03123257110987,75.3346346904629,68.79531511433352,71.62576687116564,2.830451756832119,0,,,,,,,
cot,SMTWTP,CoT,25,smtwtp_n25_inst2,10,10,1.0,0.9,0.9,0.0,0.2,8,9,136.49478669813055,123.18120198825125,41.48271525006186,104.48862780539238,245.12727820454887,123.15107696942312,130.53170658231662,7.3806296128935,0,,,,,,,
cot,SMTWTP,CoT,25,smtwtp_n25_inst3,10,10,1.0,1.0,1.0,0.0,0.6,4,10,97.48799752206908,95.84946569614372,2.1192311204155145,95.84946569614372,100.27876722936348,95.84946569614372,99.8373857828713,3.98792008672757,0,,,,,,,
cot,SMTWTP,CoT,25,smtwtp_n25_inst4,10,10,0.9,1.0,0.9,0.0,0.3333333333333333,6,9,73.1378463465691,69.67808930425753,21.732989170805947,48.33110814419226,101.26094051327696,48.33110814419226,94.54086930722445,46.2097611630322,0,,,,,,,
main,SICLSP,Code-Based,5,siclsp_T5_inst0,10,10,1.0,1.0,1.0,0.7,0.7,2,10,6.0969044414535665,0.0,9.816948805179925,0.0,20.323014804845222,0.0,15.242261103633917,15.242261103633917,0,,,,,,0.9,1.0
main,SICLSP,Code-Based,5,siclsp_T5_inst1,10,10,1.0,1.0,1.0,1.0,1.0,1,10,0.0,0.0,0.0,0.0,0.0,0.0,0.0,0.0,0,,,,,,0.8,1.0
main,SICLSP,Code-Based,5,siclsp_T5_inst2,10,10,1.0,1.0,1.0,1.0,1.0,1,10,0.0,0.0,0.0,0.0,0.0,0.0,0.0,0.0,0,,,,,,1.0,1.0
main,SICLSP,Code-Based,5,siclsp_T5_inst3,10,10,1.0,1.0,1.0,1.0,1.0,1,10,0.0,0.0,0.0,0.0,0.0,0.0,0.0,0.0,0,,,,,,1.0,1.0
main,SICLSP,Code-Based,5,siclsp_T5_inst4,10,10,1.0,1.0,1.0,1.0,1.0,1,10,0.0,0.0,0.0,0.0,0.0,0.0,0.0,0.0,0,,,,,,1.0,1.0
main,SICLSP,Code-Based,10,siclsp_T10_inst0,10,10,1.0,1.0,1.0,1.0,1.0,1,10,0.0,0.0,0.0,0.0,0.0,0.0,0.0,0.0,0,,,,,,1.0,1.0
main,SICLSP,Code-Based,10,siclsp_T10_inst1,10,10,1.0,1.0,1.0,1.0,1.0,1,10,0.0,0.0,0.0,0.0,0.0,0.0,0.0,0.0,0,,,,,,0.1,0.0
main,SICLSP,Code-Based,10,siclsp_T10_inst2,10,10,1.0,1.0,1.0,1.0,1.0,1,10,0.0,0.0,0.0,0.0,0.0,0.0,0.0,0.0,0,,,,,,0.3,0.0
main,SICLSP,Code-Based,10,siclsp_T10_inst3,10,10,1.0,1.0,1.0,1.0,1.0,1,10,0.0,0.0,0.0,0.0,0.0,0.0,0.0,0.0,0,,,,,,0.0,0.0
main,SICLSP,Code-Based,10,siclsp_T10_inst4,10,10,1.0,1.0,1.0,1.0,1.0,1,10,0.0,0.0,0.0,0.0,0.0,0.0,0.0,0.0,0,,,,,,0.3,0.0
main,SICLSP,Code-Based,15,siclsp_T15_inst0,10,10,1.0,1.0,1.0,0.9,0.9,2,10,0.37393162393162394,0.0,1.182475620789458,0.0,3.7393162393162394,0.0,0.0,0.0,0,,,,,,0.1,0.0
main,SICLSP,Code-Based,15,siclsp_T15_inst1,10,10,1.0,1.0,1.0,0.9,0.9,2,10,0.04291845493562232,0.0,0.13572007125186178,0.0,0.4291845493562232,0.0,0.0,0.0,0,,,,,,0.0,0.0
main,SICLSP,Code-Based,15,siclsp_T15_inst2,10,10,1.0,1.0,1.0,1.0,1.0,1,10,0.0,0.0,0.0,0.0,0.0,0.0,0.0,0.0,0,,,,,,0.0,0.0
main,SICLSP,Code-Based,15,siclsp_T15_inst3,10,10,1.0,1.0,1.0,1.0,1.0,1,10,0.0,0.0,0.0,0.0,0.0,0.0,0.0,0.0,0,,,,,,0.3,0.0
main,SICLSP,Code-Based,15,siclsp_T15_inst4,10,10,1.0,1.0,1.0,1.0,1.0,1,10,0.0,0.0,0.0,0.0,0.0,0.0,0.0,0.0,0,,,,,,0.0,0.0
main,SICLSP,Code-Based,20,siclsp_T20_inst0,10,10,1.0,1.0,1.0,1.0,1.0,1,10,0.0,0.0,0.0,0.0,0.0,0.0,0.0,0.0,0,,,,,,0.7,1.0
main,SICLSP,Code-Based,20,siclsp_T20_inst1,10,10,1.0,1.0,1.0,1.0,1.0,1,10,0.0,0.0,0.0,0.0,0.0,0.0,0.0,0.0,0,,,,,,0.2,0.0
main,SICLSP,Code-Based,20,siclsp_T20_inst2,10,10,1.0,1.0,1.0,1.0,1.0,1,10,0.0,0.0,0.0,0.0,0.0,0.0,0.0,0.0,0,,,,,,0.6,1.0
main,SICLSP,Code-Based,20,siclsp_T20_inst3,10,10,1.0,1.0,1.0,1.0,1.0,1,10,0.0,0.0,0.0,0.0,0.0,0.0,0.0,0.0,0,,,,,,0.8,1.0
main,SICLSP,Code-Based,20,siclsp_T20_inst4,10,10,1.0,1.0,1.0,1.0,1.0,1,10,0.0,0.0,0.0,0.0,0.0,0.0,0.0,0.0,0,,,,,,0.2,0.0
main,SICLSP,Code-Based,25,siclsp_T25_inst0,10,10,0.8,1.0,0.8,0.8,1.0,1,8,0.0,0.0,0.0,0.0,0.0,0.0,0.0,0.0,0,,,,,,1.5,1.0
main,SICLSP,Code-Based,25,siclsp_T25_inst1,10,10,1.0,1.0,1.0,1.0,1.0,1,10,0.0,0.0,0.0,0.0,0.0,0.0,0.0,0.0,0,,,,,,0.3,0.0
main,SICLSP,Code-Based,25,siclsp_T25_inst2,10,10,1.0,1.0,1.0,1.0,1.0,1,10,0.0,0.0,0.0,0.0,0.0,0.0,0.0,0.0,0,,,,,,0.4,0.0
main,SICLSP,Code-Based,25,siclsp_T25_inst3,10,10,1.0,1.0,1.0,1.0,1.0,1,10,0.0,0.0,0.0,0.0,0.0,0.0,0.0,0.0,0,,,,,,0.4,0.0
main,SICLSP,Code-Based,25,siclsp_T25_inst4,10,10,0.9,1.0,0.9,0.8,0.8888888888888888,2,9,0.05678591709256104,0.0,0.17035775127768313,0.0,0.5110732538330494,0.0,0.0,0.0,0,,,,,,0.7,0.0
main,SICLSP,Direct,5,siclsp_T5_inst0,10,10,1.0,0.0,0.0,0.0,0.1,10,0,,,,,,,,,0,,,,,,,
main,SICLSP,Direct,5,siclsp_T5_inst1,10,10,1.0,0.0,0.0,0.0,0.1,10,0,,,,,,,,,0,,,,,,,
main,SICLSP,Direct,5,siclsp_T5_inst2,10,10,0.9,0.0,0.0,0.0,0.1111111111111111,9,0,,,,,,,,,0,,,,,,,
main,SICLSP,Direct,5,siclsp_T5_inst3,10,10,1.0,1.0,1.0,0.2,0.7,3,10,7.308153477218224,10.371702637889687,4.934509641266671,0.0,10.371702637889687,2.952637889688249,10.371702637889687,7.419064748201437,0,,,,,,,
main,SICLSP,Direct,5,siclsp_T5_inst4,10,10,1.0,1.0,1.0,0.0,0.6,3,10,23.19966583124478,22.138680033416875,3.710721717356998,21.804511278195488,33.751044277360066,21.888053467000834,22.138680033416875,0.25062656641604164,0,,,,,,,
main,SICLSP,Direct,10,siclsp_T10_inst0,10,10,1.0,0.0,0.0,0.0,0.1,10,0,,,,,,,,,0,,,,,,,
main,SICLSP,Direct,10,siclsp_T10_inst1,10,10,1.0,0.0,0.0,0.0,0.1,10,0,,,,,,,,,0,,,,,,,
main,SICLSP,Direct,10,siclsp_T10_inst2,10,10,1.0,0.0,0.0,0.0,0.1,10,0,,,,,,,,,0,,,,,,,
main,SICLSP,Direct,10,siclsp_T10_inst3,10,10,1.0,0.7,0.7,0.0,0.4,5,7,17.241379310344826,15.912685858905409,1.657171889112155,15.912685858905409,19.01297057893072,15.912685858905409,19.01297057893072,3.1002847200253107,0,,,,,,,
main,SICLSP,Direct,10,siclsp_T10_inst4,10,10,0.9,0.0,0.0,0.0,0.1111111111111111,9,0,,,,,,,,,0,,,,,,,
main,SICLSP,Direct,15,siclsp_T15_inst0,10,10,1.0,0.0,0.0,0.0,0.1,10,0,,,,,,,,,0,,,,,,,
main,SICLSP,Direct,15,siclsp_T15_inst1,10,10,1.0,0.0,0.0,0.0,0.1,10,0,,,,,,,,,0,,,,,,,
main,SICLSP,Direct,15,siclsp_T15_inst2,10,10,1.0,0.0,0.0,0.0,0.1,10,0,,,,,,,,,0,,,,,,,
main,SICLSP,Direct,15,siclsp_T15_inst3,10,10,1.0,0.0,0.0,0.0,0.1,10,0,,,,,,,,,0,,,,,,,
main,SICLSP,Direct,15,siclsp_T15_inst4,10,10,1.0,0.0,0.0,0.0,0.1,10,0,,,,,,,,,0,,,,,,,
main,SICLSP,Direct,20,siclsp_T20_inst0,10,10,1.0,0.0,0.0,0.0,0.1,10,0,,,,,,,,,0,,,,,,,
main,SICLSP,Direct,20,siclsp_T20_inst1,10,10,1.0,0.0,0.0,0.0,0.1,10,0,,,,,,,,,0,,,,,,,
main,SICLSP,Direct,20,siclsp_T20_inst2,10,10,1.0,0.0,0.0,0.0,0.1,10,0,,,,,,,,,0,,,,,,,
main,SICLSP,Direct,20,siclsp_T20_inst3,10,10,1.0,0.0,0.0,0.0,0.1,10,0,,,,,,,,,0,,,,,,,
main,SICLSP,Direct,20,siclsp_T20_inst4,10,10,1.0,0.0,0.0,0.0,0.1,10,0,,,,,,,,,0,,,,,,,
main,SICLSP,Direct,25,siclsp_T25_inst0,10,10,1.0,0.0,0.0,0.0,0.1,10,0,,,,,,,,,0,,,,,,,
main,SICLSP,Direct,25,siclsp_T25_inst1,10,10,1.0,0.0,0.0,0.0,0.1,10,0,,,,,,,,,0,,,,,,,
main,SICLSP,Direct,25,siclsp_T25_inst2,10,10,1.0,0.0,0.0,0.0,0.1,10,0,,,,,,,,,0,,,,,,,
main,SICLSP,Direct,25,siclsp_T25_inst3,10,10,1.0,0.0,0.0,0.0,0.1,10,0,,,,,,,,,0,,,,,,,
main,SICLSP,Direct,25,siclsp_T25_inst4,10,10,1.0,0.3,0.3,0.0,0.3,8,3,40.85746734809767,40.85746734809767,0.0,40.85746734809767,40.85746734809767,40.85746734809767,40.85746734809767,0.0,0,,,,,,,
main,SMTWTP,Code-Based,5,smtwtp_n5_inst0,10,10,0.8,1.0,0.8,0.8,1.0,1,8,0.0,0.0,0.0,0.0,0.0,0.0,0.0,0.0,0,,,,,,1.9,1.0
main,SMTWTP,Code-Based,5,smtwtp_n5_inst1,10,10,0.8,1.0,0.8,0.2,0.25,5,8,70.32497149372861,66.1915621436716,52.64349917284127,0.0,132.2690992018244,42.84492588369441,114.4811858608894,71.63625997719498,0,,,,,,1.2,0.0
main,SMTWTP,Code-Based,5,smtwtp_n5_inst2,10,10,1.0,1.0,1.0,0.0,0.7,2,10,48.035019455252915,44.74708171206226,5.294082728287968,44.74708171206226,55.70687418936446,44.74708171206226,52.96692607003891,8.219844357976648,0,,,,,,0.8,0.0
main,SMTWTP,Code-Based,5,smtwtp_n5_inst3,10,10,0.8,1.0,0.8,0.3,0.375,3,8,60.16483516483517,80.21978021978022,52.5161735842663,0.0,120.32967032967032,0.0,90.24725274725274,90.24725274725274,0,,,,,,1.9,1.0
main,SMTWTP,Code-Based,5,smtwtp_n5_inst4,10,10,0.8,1.0,0.8,0.1,0.75,3,8,77.71739130434783,96.55797101449275,36.6795583274912,0.0,96.55797101449275,83.01630434782608,96.55797101449275,13.541666666666671,0,,,,,,1.1,0.0
main,SMTWTP,Code-Based,10,smtwtp_n10_inst0,10,10,1.0,1.0,1.0,0.1,0.6,4,10,84.56994818652849,81.45077720207254,40.66079246459729,0.0,171.3644214162349,81.45077720207254,89.9740932642487,8.52331606217615,0,,,,,,1.0,1.0
main,SMTWTP,Code-Based,10,smtwtp_n10_inst1,10,10,1.0,1.0,1.0,0.0,0.4,4,10,84.19709634843817,87.5054993400792,47.65126662883178,0.5279366476022878,131.89617245930486,46.282446106467226,131.89617245930486,85.61372635283763,0,,,,,,0.4,0.0
main,SMTWTP,Code-Based,10,smtwtp_n10_inst2,10,10,0.9,1.0,0.9,0.3,0.3333333333333333,5,9,281.41714915908466,70.47146401985111,304.3660370358811,0.0,651.8610421836228,0.0,545.1612903225806,545.1612903225806,0,,,,,,1.2,1.0
main,SMTWTP,Code-Based,10,smtwtp_n10_inst3,10,10,1.0,1.0,1.0,0.3,0.5,3,10,296.68224299065423,374.76635514018693,224.1347453223478,0.0,489.25233644859816,65.07009345794393,489.25233644859816,424.18224299065423,0,,,,,,0.3,0.0
main,SMTWTP,Code-Based,10,smtwtp_n10_inst4,10,10,1.0,1.0,1.0,0.0,0.8,3,10,137.60321715817696,148.31099195710456,27.793954149772773,60.375335120643435,148.31099195710456,148.31099195710456,148.31099195710456,0.0,0,,,,,,0.6,1.0
main,SMTWTP,Code-Based,15,smtwtp_n15_inst0,10,10,1.0,1.0,1.0,0.0,0.7,2,10,210.00607902735564,8.085106382978724,325.12365417185305,8.085106382978724,681.1550151975684,8.085106382978724,512.887537993921,504.8024316109423,0,,,,,,0.3,0.0
main,SMTWTP,Code-Based,15,smtwtp_n15_inst1,10,10,1.0,1.0,1.0,0.0,0.8,3,10,69.84074074074074,19.814814814814817,117.28846001727362,19.814814814814817,378.8148148148148,19.814814814814817,19.814814814814817,0.0,0,,,,,,0.7,1.0
main,SMTWTP,Code-Based,15,smtwtp_n15_inst2,10,10,0.9,1.0,0.9,0.0,0.7777777777777778,2,9,57.71706439553644,7.538578294965849,99.56984654086573,7.538578294965849,233.34176574753354,7.538578294965849,7.538578294965849,0.0,0,,,,,,0.8,0.0
main,SMTWTP,Code-Based,15,smtwtp_n15_inst3,10,10,1.0,1.0,1.0,0.0,0.6,3,10,135.2543720190779,43.91891891891892,122.07991971930461,43.91891891891892,299.6422893481717,43.91891891891892,272.25755166931634,228.33863275039744,0,,,,,,0.4,0.0
main,SMTWTP,Code-Based,15,smtwtp_n15_inst4,10,10,0.7,1.0,0.7,0.0,0.8571428571428571,2,7,35.16550522648083,10.914634146341463,64.1617739547371,10.914634146341463,180.67073170731706,10.914634146341463,10.914634146341463,0.0,0,,,,,,2.1,1.0
main,SMTWTP,Code-Based,20,smtwtp_n20_inst0,10,10,1.0,1.0,1.0,0.0,0.9,2,10,339.3134328358209,375.4371002132196,114.23306635090125,14.200426439232409,375.4371002132196,375.4371002132196,375.4371002132196,0.0,0,,,,,,0.0,0.0
main,SMTWTP,Code-Based,20,smtwtp_n20_inst1,10,10,0.8,1.0,0.8,0.0,0.5,3,8,124.36265583415043,86.9519540551898,118.31722262750112,17.9857122846337,255.6800672363076,17.9857122846337,255.6800672363076,237.6943549516739,0,,,,,,1.8,1.0
main,SMTWTP,Code-Based,20,smtwtp_n20_inst2,10,10,1.0,1.0,1.0,0.0,0.6,3,10,328.5704765078307,322.24258580473173,97.64154487588635,85.27157614128625,422.3258913695435,322.24258580473173,397.30506497834057,75.06247917360884,0,,,,,,1.0,1.0
main,SMTWTP,Code-Based,20,smtwtp_n20_inst3,10,10,1.0,0.8,0.8,0.1,0.4,5,8,238.58794887401095,243.01075268817203,226.98784660906517,0.0,450.6390748630554,35.382430513288696,450.6390748630554,415.2566443497667,0,,,,,,1.0,0.0
main,SMTWTP,Code-Based,20,smtwtp_n20_inst4,10,10,0.8,1.0,0.8,0.0,0.5,2,8,245.18930957683745,245.18930957683742,229.26133615810554,30.734966592427615,459.6436525612472,30.734966592427615,459.6436525612472,428.9086859688196,0,,,,,,1.3,0.5
main,SMTWTP,Code-Based,25,smtwtp_n25_inst0,10,10,0.9,1.0,0.9,0.0,0.8888888888888888,2,9,382.2031473533619,397.7510729613734,46.64377682403432,257.8197424892704,397.7510729613734,397.7510729613734,397.7510729613734,0.0,0,,,,,,0.5,0.0
main,SMTWTP,Code-Based,25,smtwtp_n25_inst1,10,10,0.7,1.0,0.7,0.0,0.7142857142857143,3,7,378.1451677157198,476.7847183491355,184.47173865075914,1.3385387618516453,476.7847183491355,369.26938092582265,476.7847183491355,107.51533742331287,0,,,,,,1.6,0.0
main,SMTWTP,Code-Based,25,smtwtp_n25_inst2,10,10,0.9,0.7777777777777778,0.7,0.0,0.4444444444444444,5,7,399.3566156693134,603.8560024100015,277.3732883414233,17.683386052116283,603.8560024100015,181.19445699653562,603.8560024100015,422.66154541346583,0,,,,,,1.8,2.0
main,SMTWTP,Code-Based,25,smtwtp_n25_inst3,10,10,0.9,1.0,0.9,0.0,1.0,1,9,274.10562180579217,274.10562180579217,0.0,274.10562180579217,274.10562180579217,274.10562180579217,274.10562180579217,0.0,0,,,,,,0.7,0.0
main,SMTWTP,Code-Based,25,smtwtp_n25_inst4,10,10,0.8,1.0,0.8,0.0,0.75,3,8,534.8909657320872,707.2096128170895,319.0721376208626,17.846016911437474,707.2096128170895,534.913217623498,707.2096128170895,172.29639519359148,0,,,,,,1.7,0.5
main,SMTWTP,Direct,5,smtwtp_n5_inst0,10,10,1.0,1.0,1.0,0.1,0.5,3,10,64.28571428571428,48.57142857142857,34.10667538946664,0.0,100.0,48.57142857142857,100.0,51.42857142857143,0,,,,,,,
main,SMTWTP,Direct,5,smtwtp_n5_inst1,10,10,1.0,1.0,1.0,0.0,0.7,3,10,13.968072976054732,15.96351197263398,4.802082390153279,0.5701254275940707,15.96351197263398,14.253135689851767,15.96351197263398,1.710376282782212,0,,,,,,,
main,SMTWTP,Direct,5,smtwtp_n5_inst2,10,10,1.0,1.0,1.0,0.5,0.5,3,10,8.884565499351492,0.8754863813229572,25.64930778063118,0.0,81.84176394293125,0.0,1.7509727626459144,1.7509727626459144,0,,,,,,,
main,SMTWTP,Direct,5,smtwtp_n5_inst3,10,10,1.0,1.0,1.0,0.8,0.8,2,10,16.043956043956044,0.0,33.823629185683764,0.0,80.21978021978022,0.0,0.0,0.0,0,,,,,,,
main,SMTWTP,Direct,5,smtwtp_n5_inst4,10,10,1.0,1.0,1.0,0.3,0.4,4,10,55.48913043478261,64.76449275362319,46.22213174971555,0.0,102.71739130434783,8.242753623188406,96.55797101449275,88.31521739130434,0,,,,,,,
main,SMTWTP,Direct,10,smtwtp_n10_inst0,10,10,1.0,1.0,1.0,0.0,0.7,3,10,115.54749568221071,129.6027633851468,32.39141133399508,54.36960276338515,139.51640759930913,129.6027633851468,129.6027633851468,0.0,0,,,,,,,
main,SMTWTP,Direct,10,smtwtp_n10_inst1,10,10,1.0,1.0,1.0,0.0,0.6,3,10,44.00351957765068,46.282446106467226,3.6492818562418,38.715354157501096,46.282446106467226,40.58512978442587,46.282446106467226,5.69731632204136,0,,,,,,,
main,SMTWTP,Direct,10,smtwtp_n10_inst2,10,10,1.0,1.0,1.0,0.0,0.9,2,10,14.01985111662531,3.722084367245657,32.56439774118803,3.722084367245657,106.69975186104219,3.722084367245657,3.722084367245657,0.0,0,,,,,,,
main,SMTWTP,Direct,10,smtwtp_n10_inst3,10,10,1.0,1.0,1.0,0.0,0.3,6,10,175.95794392523368,168.92523364485982,46.36075721545494,95.56074766355141,285.2803738317757,163.3177570093458,178.27102803738316,14.953271028037364,0,,,,,,,
main,SMTWTP,Direct,10,smtwtp_n10_inst4,10,10,1.0,1.0,1.0,0.0,0.5,3,10,117.47453083109917,125.92493297587131,27.068284209624753,40.48257372654155,126.8632707774799,124.98659517426273,126.8632707774799,1.8766756032171656,0,,,,,,,
main,SMTWTP,Direct,15,smtwtp_n15_inst0,10,10,1.0,1.0,1.0,0.0,0.5,5,10,171.27051671732525,177.99392097264436,9.786340397319757,158.54103343465044,182.43161094224925,161.322188449848,177.99392097264436,16.67173252279636,0,,,,,,,
main,SMTWTP,Direct,15,smtwtp_n15_inst1,10,10,1.0,1.0,1.0,0.0,0.6,4,10,106.53703703703704,104.0,5.563978525658481,104.0,122.0,104.0,106.07407407407408,2.074074074074076,0,,,,,,,
main,SMTWTP,Direct,15,smtwtp_n15_inst2,10,10,1.0,1.0,1.0,0.0,1.0,1,10,101.64432076903618,101.64432076903618,0.0,101.64432076903618,101.64432076903618,101.64432076903618,101.64432076903618,0.0,0,,,,,,,
main,SMTWTP,Direct,15,smtwtp_n15_inst3,10,10,1.0,1.0,1.0,0.0,0.6,2,10,55.612082670906204,55.4054054054054,0.26681920244142654,55.4054054054054,55.9220985691574,55.4054054054054,55.9220985691574,0.5166931637519951,0,,,,,,,
main,SMTWTP,Direct,15,smtwtp_n15_inst4,10,10,0.6,1.0,0.6,0.0,0.3333333333333333,4,6,76.0670731707317,77.82520325203251,4.017624887451304,68.0081300813008,78.2520325203252,76.63617886178862,78.14532520325203,1.5091463414634063,0,,,,,,,
main,SMTWTP,Direct,20,smtwtp_n20_inst0,10,10,1.0,1.0,1.0,0.0,0.7,4,10,281.86993603411514,277.59061833688696,14.403808977673105,261.7057569296375,313.1130063965885,277.59061833688696,277.59061833688696,0.0,0,,,,,,,
main,SMTWTP,Direct,20,smtwtp_n20_inst1,10,10,1.0,1.0,1.0,0.0,0.4,7,10,118.47317551477799,126.06807676145118,33.33143218248772,30.452444319932763,146.0988934024373,126.06807676145118,130.12326656394453,4.055189802493345,0,,,,,,,
main,SMTWTP,Direct,20,smtwtp_n20_inst2,10,10,0.9,1.0,0.9,0.0,0.3333333333333333,6,9,79.83820208078788,64.07864045318227,38.568804462730405,63.11229590136621,179.17360879706766,63.46217927357547,64.07864045318227,0.6164611796068016,0,,,,,,,
main,SMTWTP,Direct,20,smtwtp_n20_inst3,10,10,1.0,1.0,1.0,0.0,0.3,7,10,59.86609860012171,67.47819030229255,13.457072998505096,35.15926151349158,72.10387502536011,55.91397849462365,68.5737472103875,12.659768715763846,0,,,,,,,
main,SMTWTP,Direct,20,smtwtp_n20_inst4,10,10,1.0,1.0,1.0,0.0,0.3,6,10,112.14699331848553,137.21603563474386,54.460459594461796,33.897550111358576,180.64587973273942,62.0879732739421,142.8953229398664,80.80734966592429,0,,,,,,,
main,SMTWTP,Direct,25,smtwtp_n25_inst0,10,10,1.0,1.0,1.0,0.0,0.3,8,10,246.7038626609442,251.60515021459224,64.9400196635059,181.20171673819743,314.30042918454933,181.70815450643778,305.54077253218884,123.83261802575106,0,,,,,,,
main,SMTWTP,Direct,25,smtwtp_n25_inst1,10,10,1.0,1.0,1.0,0.0,0.3,7,10,67.71332961517011,68.851087562744,6.279336087969832,59.53708867819297,79.9637479085332,62.4372559955382,68.96263245956497,6.52537646402677,0,,,,,,,
main,SMTWTP,Direct,25,smtwtp_n25_inst2,10,10,1.0,1.0,1.0,0.0,0.3,8,10,131.90992619370388,132.14339508962195,9.43479768266623,123.1058894411809,151.70959481849675,123.15107696942312,137.3587889742431,14.207712004819996,0,,,,,,,
main,SMTWTP,Direct,25,smtwtp_n25_inst3,10,10,0.9,1.0,0.9,0.0,0.4444444444444444,5,9,97.19511985270077,95.95787517422953,2.851623549105727,95.84946569614372,104.50673687470962,95.84946569614372,96.29859067678488,0.4491249806411588,0,,,,,,,
main,SMTWTP,Direct,25,smtwtp_n25_inst4,10,10,1.0,1.0,1.0,0.0,0.2,9,10,224.35098650051924,251.67630915294467,75.68741526059478,79.95846313603323,285.3730900459873,245.83518765761755,261.9121792018988,16.07699154428127,0,,,,,,,
